rr_id,claim_id,report_id,repro_version_of_record
3g3,0DO8_single-trace,3g3_578_1,T
28884,0P4r_1rz255,28884_231_1,T
28884,0P4r_3n6yo5,28884_229_1,T
28884,0P4r_6rpyov,28884_228_1,T
28884,0P4r_855y48,28884_232_1,T
28884,0P4r_djjn3z,28884_233_1,T
28884,0P4r_l8rjny,28884_227_1,T
28884,0P4r_rqq4wz,28884_235_1,T
28884,0P4r_w7rjw7,28884_230_1,F
5066,0P4r_single-trace,5066_682_1,T
28884,0P4r_v998jj,28884_234_1,T
28884,0P4r_yyyd4j,28884_616_1,T
g241,0PZl_single-trace,g241_526_1,T
6okm6,0a3Z_g3711w,6okm6_120_1,T
6okm6,0a3Z_gw2pp2,6okm6_121_1,T
6okm6,0a3Z_gpk99l,6okm6_122_1,T
6okm6,0a3Z_mqy444,6okm6_123_1,T
y401,0a3Z_single-trace,y401_569_1,F
6my96,0qar_blj3kw,6my96_596_1,T
6my96,0qar_g3y87k,6my96_598_1,T
6my96,0qar_gwjq2v,6my96_599_1,T
756g,0qar_single-trace,756g_35_1,F
6my96,0qar_m6y8d5,6my96_597_1,T
4142,2GKO_single-trace,4142_499_1,T
41z0,2NAG_single-trace,41z0_580_1,T
50m6,2Nzk_single-trace,50m6_679_1,T
2g781,2lb5_437d94,2g781_239_1,T
2g781,2lb5_6rzo5z,2g781_236_1,T
2g781,2lb5_8x1972,2g781_241_1,T
2g781,2lb5_nr51jj,2g781_243_1,T
2g781,2lb5_orvd1z,2g781_242_1,T
2g781,2lb5_pp9v4r,2g781_237_1,T
2g781,2lb5_q7415p,2g781_238_1,T
174z,2lb5_single-trace,174z_485_1,T
2g781,2lb5_yrvox7,2g781_240_1,T
6zzok,3B4j_single-trace,6zzok_182_1,T
675ko,3WmY_single-trace,675ko_245_1,T
05g8,3aPw_single-trace,05g8_562_1,T
6797,3zRW_single-trace,6797_510_1,T
3gg3,4XLv_single-trace,3gg3_496_1,T
3z5z,4q0L_single-trace,3z5z_557_1,T
2wkk2,5Awm_single-trace,2wkk2_196_1,T
1y52,5KrD_single-trace,1y52_553_1,T
zzz1,5N2E_single-trace,zzz1_595_1,T
2k4w6,5PyD_pp36jq,2k4w6_298_1,T
2k4w6,5PyD_q7w3nr,2k4w6_299_1,T
2k4w6,5PyD_j6o1rx,2k4w6_301_1,F
600k,5PyD_single-trace,600k_507_1,T
2k4w6,5PyD_x64975,2k4w6_300_1,T
99y,7NEL_single-trace,99y_590_1,T
2g9z2,7WjP_m52v4z,2g9z2_409_1,T
2g9z2,7WjP_my2oxz,2g9z2_410_1,T
2g9z2,7WjP_g42d91,2g9z2_408_1,T
21k52,7X54_m6qkxx,21k52_62_1,T
93k7,7X54_single-trace,93k7_558_1,T
5g68,7d4J_single-trace,5g68_504_1,T
k97z,7ybJ_single-trace,k97z_538_1,T
6zzyw,88xa_bd4vqj,6zzyw_675_1,T
6zzyw,88xa_m526y2,6zzyw_671_1,T
6zzyw,88xa_m82do4,6zzyw_673_1,T
6zzyw,88xa_my2n19,6zzyw_672_1,T
6168,88xa_single-trace,6168_508_1,T
6zzyw,88xa_boy4np,6zzyw_674_1,F
69yok,8R9d_2kjpzv,69yok_58_1,T
69yok,8R9d_4d9x6l,69yok_55_1,T
69yok,8R9d_5v4j3k,69yok_56_1,T
69yok,8R9d_8974q1,69yok_59_1,T
69yok,8R9d_9q35x9,69yok_54_1,T
69yok,8R9d_b31372,69yok_53_1,T
69yok,8R9d_b7lx28,69yok_49_1,T
69yok,8R9d_bkpj4j,69yok_48_1,T
69yok,8R9d_d5r3o4,69yok_42_1,T
69yok,8R9d_g6zqdl,69yok_52_1,T
69yok,8R9d_gdrl4o,69yok_45_1,T
69yok,8R9d_grz8yk,69yok_46_1,T
69yok,8R9d_gzjkoy,69yok_50_1,T
69yok,8R9d_mlq1kp,69yok_51_1,T
69yok,8R9d_n1j7wn,69yok_61_1,T
69yok,8R9d_od1lpq,69yok_60_1,T
69yok,8R9d_r1zw73,69yok_43_1,T
69yok,8R9d_mvwky9,69yok_47_1,T
285g,8R9d_single-trace,285g_687_1,F
69yok,8R9d_v4wj5w,69yok_44_1,T
69yok,8R9d_yox4lo,69yok_57_1,T
1564,8Wy0_single-trace,1564_484_1,T
21474,9DZl_7v1odx,21474_169_1,T
21474,9DZl_9kdozq,21474_166_1,T
21474,9DZl_b3vqrj,21474_165_1,T
21474,9DZl_dv7xy3,21474_167_1,T
21474,9DZl_g6j1l6,21474_164_1,T
21474,9DZl_grdwrw,21474_162_1,T
21474,9DZl_k1rz68,21474_168_1,T
21474,9DZl_mvdj65,21474_163_1,T
21474,9DZl_gd73pr,21474_161_1,T
0008,9DZl_single-trace,0008_479_1,F
247gz,9OK1_1r9r3o,247gz_661_1,T
247gz,9OK1_2npy15,247gz_666_1,T
247gz,9OK1_3n2npq,247gz_655_1,T
247gz,9OK1_4zxykz,247gz_663_1,T
247gz,9OK1_5lj7o9,247gz_664_1,T
6oy46,9OK1_6rvr3z,6oy46_473_1,T
247gz,9OK1_6rvr3z,247gz_654_1,F
247gz,9OK1_8w4znp,247gz_667_1,T
247gz,9OK1_9p5lon,247gz_662_1,T
247gz,9OK1_d93zkv,247gz_670_1,T
247gz,9OK1_j626r5,247gz_660_1,T
6oy46,9OK1_l8d8wj,6oy46_474_1,T
247gz,9OK1_l8d8wj,247gz_653_1,F
247gz,9OK1_nl79vv,247gz_669_1,T
247gz,9OK1_o7lz2k,247gz_668_1,T
247gz,9OK1_q7q7np,247gz_658_1,T
247gz,9OK1_ppwpjr,247gz_657_1,T
y486,9OK1_single-trace,y486_685_1,F
247gz,9OK1_w7d7ly,247gz_656_1,T
247gz,9OK1_x6v67k,247gz_659_1,T
247gz,9OK1_y549wp,247gz_665_1,T
m93,9XrX_single-trace,m93_540_1,T
69y31,9ey_mvny2k,69y31_178_1,F
281k5,9ey_mvny2k,281k5_694_2,T
69y31,9ey_single-trace,69y31_177_1,T
281k5,9ey_single-trace,281k5_694_1,F
2kg19,9lBL_236wwv,2kg19_108_1,T
2kg19,9lBL_4pwnnl,2kg19_105_1,T
2kg19,9lBL_5qpnnk,2kg19_106_1,T
2kg19,9lBL_8vjpp1,2kg19_109_1,T
2kg19,9lBL_941rr9,2kg19_104_1,T
2kg19,9lBL_b32wk2,2kg19_103_1,T
2kg19,9lBL_b7zjk8,2kg19_99_1,T
2kg19,9lBL_bkoqkj,2kg19_98_1,T
2kg19,9lBL_g6vxkl,2kg19_102_1,T
2kg19,9lBL_gd628o,2kg19_95_1,T
2kg19,9lBL_grj92k,2kg19_96_1,T
2kg19,9lBL_gz63ny,2kg19_100_1,T
2kg19,9lBL_mldx5p,2kg19_101_1,T
2kg19,9lBL_nn422n,2kg19_111_1,T
2kg19,9lBL_o95wwq,2kg19_110_1,T
2kg19,9lBL_mvo7l9,2kg19_97_1,T
g45m,9lBL_single-trace,g45m_528_1,F
2kg19,9lBL_y6k88o,2kg19_107_1,T
288zk,9wya_g3j7jq,288zk_693_3,T
288zk,9wya_gp1k1r,288zk_693_5,T
288zk,9wya_gwo2oy,288zk_693_4,T
288zk,9wya_m64d4z,288zk_693_2,T
9k2y,9wya_single-trace,9k2y_524_1,F
k8z7,9wya_single-trace,k8z7_537_1,T
288zk,9wya_blpkpj,288zk_693_1,F
6m3zm,AQgj_b6v8n6,6m3zm_290_1,T
6m3zm,AQgj_bz6lwk,6m3zm_289_1,T
6m3zm,AQgj_mko63d,6m3zm_287_1,T
6m3zm,AQgj_mpwxow,6m3zm_291_1,T
6m3zm,AQgj_nn69kl,6m3zm_292_1,T
6m3zm,AQgj_m7zdw4,6m3zm_288_1,T
o08,AQgj_single-trace,o08_545_1,F
2w9ko,AXBY_single-trace,2w9ko_275_1,T
65z92,AqDO_21v1on,65z92_222_1,T
65z92,AqDO_8rlrky,65z92_226_1,T
65z92,AqDO_dx1x5w,65z92_225_1,T
65z92,AqDO_n3k3qz,65z92_224_1,T
65z92,AqDO_single-trace,65z92_221_1,T
65z92,AqDO_ok8kxo,65z92_223_1,F
21352,AvOr_b7dlq4,21352_37_1,T
21352,AvOr_gzljvk,21352_38_1,T
21352,AvOr_ml3qr2,21352_39_1,T
21352,AvOr_gdyrdr,21352_36_1,T
mzk9,AvOr_single-trace,mzk9_544_1,F
3213,BN8d_single-trace,3213_576_1,T
378,BNrd_single-trace,378_579_1,T
42k8,BebG_single-trace,42k8_568_1,T
6zz1k,BrGp_b15j8q,6zz1k_321_1,T
24783,BrGp_b15j8q,24783_475_1,F
24783,BrGp_g3ov8l,24783_277_1,F
6zz1k,BrGp_g3ov8l,6zz1k_318_1,T
6zz1k,BrGp_gjvjlo,6zz1k_320_1,T
24783,BrGp_gjvjlo,24783_476_1,F
24783,BrGp_gww8qr,24783_278_1,F
6zz1k,BrGp_gww8qr,6zz1k_319_1,T
24783,BrGp_blv93q,24783_276_1,F
6zz1k,BrGp_blv93q,6zz1k_317_1,T
6zz1k,BrGp_y3kqy7,6zz1k_322_1,T
24783,BrGp_y3kqy7,24783_477_1,F
g931,ByBk_single-trace,g931_534_1,T
k637,D2LY_single-trace,k637_536_1,T
kzmz,DDj2_single-trace,kzmz_683_1,T
6zzzk,DEmL_21r51y,6zzzk_30_1,T
6zzzk,DEmL_5o6doq,6zzzk_29_1,T
6zzzk,DEmL_kz1ozy,6zzzk_34_1,T
6zzzk,DEmL_n3dz3w,6zzzk_32_1,T
6zzzk,DEmL_ok46kl,6zzzk_31_1,T
6zzzk,DEmL_single-trace,6zzzk_28_1,T
6zzzk,DEmL_vn2onk,6zzzk_33_1,T
2g486,DEqr_blw3kn,2g486_600_1,T
2g486,DEqr_g3p87v,2g486_602_1,T
2g486,DEqr_gwlq2q,2g486_603_1,T
2g486,DEqr_m638d7,2g486_601_1,T
2g486,DEqr_mqnzyy,2g486_605_1,T
3g03,DEqr_single-trace,3g03_495_1,F
2g486,DEqr_gpjxk5,2g486_604_1,T
z789,E0Q3_single-trace,z789_549_1,T
994g,E32j_single-trace,994g_678_1,T
m457,E3ja_single-trace,m457_593_1,T
69y39,E4Am_g39923,69y39_172_1,T
69y39,E4Am_gpvvw3,69y39_174_1,T
69y39,E4Am_gwvvdx,69y39_173_1,T
69y39,E4Am_m6oov9,69y39_171_1,T
69y39,E4Am_mq11q9,69y39_175_1,T
69y39,E4Am_single-trace,69y39_170_1,F
93mg,E4Am_single-trace,93mg_519_1,T
95y,E5qr_single-trace,95y_559_1,T
675g9,EAa_single-trace,675g9_12_1,T
191z,EKBZ_single-trace,191z_486_1,T
3z3k,EQxa_single-trace,3z3k_498_1,T
2y9w2,EdQy_6rd9rk,2y9w2_392_1,T
2y9w2,EdQy_9xxwld,2y9w2_395_1,T
2y9w2,EdQy_j6k76k,2y9w2_394_1,T
2y9w2,EdQy_l8kz8o,2y9w2_391_1,T
2y9w2,EdQy_ppk7pd,2y9w2_393_1,T
6g28,EdQy_single-trace,6g28_511_1,T
g2z,G0Kb_single-trace,g2z_676_1,T
2zg7,G1Lr_single-trace,2zg7_489_1,T
67519,G4mp_single-trace,67519_179_1,T
302k,G55r_single-trace,302k_490_1,T
y4m6,GJe4_single-trace,y4m6_688_1,T
50y8,GOYb_single-trace,50y8_501_1,T
6m37m,GQvr_b2ndk6,6m37m_467_1,T
6m37m,GQvr_bo7od7,6m37m_468_1,T
6m37m,GQvr_g4zvd6,6m37m_469_1,T
6m37m,GQvr_m5lzvw,6m37m_470_1,T
6m37m,GQvr_m8w39o,6m37m_471_1,T
6m37m,GQvr_my5poy,6m37m_472_1,T
65996,Gv3O_2l95y4,65996_308_1,T
65996,Gv3O_5ojq61,65996_306_1,T
65996,Gv3O_j61p8w,65996_305_1,T
65996,Gv3O_q73v5y,65996_304_1,T
mz17,Gv3O_single-trace,mz17_543_1,F
65996,Gv3O_yw46nk,65996_307_1,T
2k7w2,J0Yv_1rz4jk,2k7w2_315_1,T
2k7w2,J0Yv_j6dnjr,2k7w2_314_1,T
2k7w2,J0Yv_pprv8w,2k7w2_311_1,T
2k7w2,J0Yv_q7r1ko,2k7w2_312_1,T
2k7w2,J0Yv_x6ry86,2k7w2_313_1,T
6zzgw,J999_1dy45r,6zzgw_92_1,T
6zzgw,J999_1rr6p1,6zzgw_67_1,T
6zzgw,J999_22zkkv,6zzgw_76_1,T
6zzgw,J999_37l994,6zzgw_86_1,T
6zzgw,J999_426d4l,6zzgw_94_1,T
6zzgw,J999_426ddl,6zzgw_73_1,T
6zzgw,J999_4kkpj1,6zzgw_69_1,T
6zzgw,J999_523vvk,6zzgw_74_1,T
6zzgw,J999_5ooq1z,6zzgw_70_1,T
6zzgw,J999_6dwooq,6zzgw_85_1,T
6zzgw,J999_72pnnp,6zzgw_82_1,T
6zzgw,J999_82q991,6zzgw_77_1,T
6zzgw,J999_9oo4yp,6zzgw_68_1,T
6zzgw,J999_9vxq69,6zzgw_93_1,T
6zzgw,J999_9vxqq9,6zzgw_72_1,T
6zzgw,J999_j66p7x,6zzgw_66_1,T
6zzgw,J999_jkznv9,6zzgw_91_1,T
6zzgw,J999_k4l779,6zzgw_81_1,T
6zzgw,J999_lk6nnz,6zzgw_84_1,T
6zzgw,J999_oypddq,6zzgw_78_1,T
6zzgw,J999_pkqvv1,6zzgw_88_1,T
6zzgw,J999_ppp57q,6zzgw_63_1,T
6zzgw,J999_q77vpr,6zzgw_64_1,T
6zzgw,J999_qyx11d,6zzgw_89_1,T
6zzgw,J999_ry7113,6zzgw_79_1,T
6zzgw,J999_y2looo,6zzgw_75_1,T
8zgg,J999_single-trace,8zgg_518_1,F
6zzgw,J999_vy544w,6zzgw_80_1,T
6zzgw,J999_w2yvv9,6zzgw_87_1,T
6zzgw,J999_x2zyyv,6zzgw_90_1,T
6zzgw,J999_x66l55,6zzgw_65_1,T
6zzgw,J999_yww6yz,6zzgw_71_1,T
6zzgw,J999_zo7ddv,6zzgw_83_1,T
6m516,JRpA_3nyvwv,6m516_17_1,T
6m516,JRpA_6ryjx7,6m516_16_1,T
6m516,JRpA_l8j9xn,6m516_15_1,T
6m516,JRpA_7oy1jv,6m516_13_1,T
8297,JRpA_single-trace,8297_516_1,F
6m516,JRpA_w7j8zq,6m516_18_1,T
6m516,JRpA_zxz13n,6m516_14_1,T
67o46,JxXe_b6d13r,67o46_406_1,T
67o46,JxXe_glk4wl,67o46_405_1,T
67o46,JxXe_m37qpp,67o46_407_1,T
67o46,JxXe_m729o6,67o46_402_1,T
67o46,JxXe_mw21l5,67o46_404_1,T
67o46,JxXe_bzo5x6,67o46_403_1,T
969y,JxXe_single-trace,969y_521_1,F
7my5,KRgk_single-trace,7my5_514_1,T
2g182,L22B_21yo9v,2g182_370_1,T
2g182,L22B_5o7kyk,2g182_368_1,T
2g182,L22B_8rzko1,2g182_371_1,T
2g182,L22B_n39qon,2g182_373_1,T
2g182,L22B_okzxnq,2g182_372_1,T
2g182,L22B_4kyq5l,2g182_367_1,T
96g,L22B_single-trace,96g_522_1,F
2g182,L22B_yw9q1o,2g182_369_1,T
0036,La9x_single-trace,0036_480_1,T
21mg2,LbEB_b2vooo,21mg2_609_1,T
21mg2,LbEB_m5xkkr,21mg2_607_1,T
21mg2,LbEB_m8lkk9,21mg2_610_1,T
21mg2,LbEB_myjqqn,21mg2_608_1,T
21mg2,LbEB_g44qqk,21mg2_606_1,T
y041,LbEB_single-trace,y041_691_1,F
2w93z,LyWB_189dok,2w93z_155_1,T
2w93z,LyWB_285298,2w93z_137_1,T
2w93z,LyWB_2852n8,2w93z_160_1,T
2w93z,LyWB_38274j,2w93z_149_1,T
2w93z,LyWB_48o25d,2w93z_134_1,T
2w93z,LyWB_48o2zd,2w93z_157_1,T
2w93z,LyWB_58d2lx,2w93z_158_1,T
2w93z,LyWB_58d2yx,2w93z_135_1,T
2w93z,LyWB_68vd26,2w93z_148_1,T
2w93z,LyWB_7dz284,2w93z_145_1,T
2w93z,LyWB_8862ov,2w93z_138_1,T
2w93z,LyWB_9zwvp8,2w93z_156_1,T
2w93z,LyWB_b2xzx8,2w93z_127_1,T
2w93z,LyWB_bdnonr,2w93z_131_1,T
2w93z,LyWB_bnxwx9,2w93z_130_1,T
2w93z,LyWB_bojpjy,2w93z_129_1,T
2w93z,LyWB_br474w,2w93z_132_1,T
2w93z,LyWB_dy64qr,2w93z_141_1,T
2w93z,LyWB_g4161d,2w93z_124_1,T
2w93z,LyWB_jl2kor,2w93z_154_1,T
2w93z,LyWB_k6o4yd,2w93z_144_1,T
2w93z,LyWB_l3dk22,2w93z_147_1,T
2w93z,LyWB_m5939x,2w93z_125_1,T
2w93z,LyWB_m8yqyv,2w93z_128_1,T
2w93z,LyWB_mydldv,2w93z_126_1,T
2w93z,LyWB_npzyo9,2w93z_140_1,T
2w93z,LyWB_oq6yny,2w93z_139_1,T
2w93z,LyWB_pxwkzw,2w93z_151_1,T
2w93z,LyWB_qzqywo,2w93z_152_1,T
2w93z,LyWB_rljy6w,2w93z_142_1,T
2w93z,LyWB_9zwvn8,2w93z_133_1,T
g28z,LyWB_single-trace,g28z_527_1,F
2w93z,LyWB_vpoyq5,2w93z_143_1,T
2w93z,LyWB_wqd2x3,2w93z_150_1,T
2w93z,LyWB_xxv246,2w93z_153_1,T
2w93z,LyWB_y7z21v,2w93z_136_1,T
2w93z,LyWB_y7z25v,2w93z_159_1,T
2w93z,LyWB_zl6o9k,2w93z_146_1,T
6o5m6,Njqj_m56p47,6o5m6_374_1,T
6o5m6,Njqj_mynkxx,6o5m6_459_1,T
6o5m6,Njqj_b2r6jp,6o5m6_375_1,F
g1m,Njqj_single-trace,g1m_564_1,T
6ow1o,Nv99_2qq43d,6ow1o_630_1,T
6ow1o,Nv99_3n6w71,6ow1o_631_1,T
6ow1o,Nv99_4jjrp5,6ow1o_633_1,T
6ow1o,Nv99_511rql,6ow1o_634_1,T
6ow1o,Nv99_6rpxdy,6ow1o_628_1,T
6ow1o,Nv99_7oqj2d,6ow1o_625_1,T
6ow1o,Nv99_855nv6,6ow1o_635_1,T
6ow1o,Nv99_9yy941,6ow1o_632_1,T
6ow1o,Nv99_dxd248,6ow1o_621_1,T
6ow1o,Nv99_kzdq4r,6ow1o_624_1,T
6ow1o,Nv99_l8rxkk,6ow1o_627_1,T
6ow1o,Nv99_rxk9y1,6ow1o_622_1,T
2816,Nv99_single-trace,2816_488_1,F
6ow1o,Nv99_vnr7y3,6ow1o_623_1,T
6ow1o,Nv99_yyy36d,6ow1o_629_1,T
6ow1o,Nv99_zxv3o3,6ow1o_626_1,T
2gwz2,OY3B_8r3dlz,2gwz2_325_1,T
2gwz2,OY3B_n38dk7,2gwz2_327_1,T
2gwz2,OY3B_oko481,2gwz2_326_1,T
2gwz2,OY3B_21drv2,2gwz2_324_1,T
k2m7,OY3B_single-trace,k2m7_560_1,F
2gwz2,OY3B_ywpnj6,2gwz2_323_1,T
2y4km,OYX0_5lo662,2y4km_26_1,T
2y4km,OYX0_5o9y12,2y4km_20_1,T
2y4km,OYX0_8wrdd4,2y4km_27_1,T
2y4km,OYX0_n3xo6r,2y4km_25_1,T
2y4km,OYX0_nl3ddr,2y4km_24_1,T
2y4km,OYX0_o7k44p,2y4km_23_1,T
2y4km,OYX0_2n1rrj,2y4km_22_1,T
2y4km,OYX0_y5wnn9,2y4km_19_1,T
2y4km,OYX0_ywd1y9,2y4km_21_1,T
2y3w2,OeGv_8vrpd2,2y3w2_188_1,T
241w6,OeGv_8vrpd2,241w6_194_1,F
2y3w2,OeGv_br469p,2y3w2_184_1,T
241w6,OeGv_br469p,241w6_190_1,F
2y3w2,OeGv_gv8q78,2y3w2_185_1,T
241w6,OeGv_gv8q78,241w6_191_1,F
2y3w2,OeGv_jp69y8,2y3w2_186_1,T
241w6,OeGv_jp69y8,241w6_192_1,F
2y3w2,OeGv_bnxon4,2y3w2_183_1,T
241w6,OeGv_bnxon4,241w6_189_1,F
4980,OeGv_single-trace,4980_500_1,F
2y3w2,OeGv_y6w8q7,2y3w2_187_1,T
241w6,OeGv_y6w8q7,241w6_193_1,F
78gg,Ovkm_single-trace,78gg_513_1,T
6z8o6,P1rY_4q9w49,6z8o6_432_1,T
6z8o6,P1rY_5k4pxj,6z8o6_433_1,T
6z8o6,P1rY_98316l,6z8o6_431_1,T
6z8o6,P1rY_b422v6,6z8o6_428_1,T
6z8o6,P1rY_bjkk4q,6z8o6_425_1,T
6z8o6,P1rY_bpkknx,6z8o6_422_1,T
6z8o6,P1rY_g522zw,6z8o6_429_1,T
6z8o6,P1rY_gqyydv,6z8o6_423_1,T
6z8o6,P1rY_gy22py,6z8o6_430_1,T
6z8o6,P1rY_m1ddnx,6z8o6_426_1,T
6z8o6,P1rY_mx22w2,6z8o6_424_1,T
6z8o6,P1rY_m9vv75,6z8o6_427_1,T
328k,P1rY_single-trace,328k_493_1,F
1y2,P3NJ_single-trace,1y2_572_1,T
32z3,P8az_single-trace,32z3_494_1,T
69y19,PVQK_single-trace,69y19_260_1,T
288y4,PkXJ_single-trace,288y4_462_1,T
288kk,Pxp7_9zwjd3,288kk_119_1,T
288kk,Pxp7_b4137v,288kk_117_1,T
288kk,Pxp7_bj3dj5,288kk_115_1,T
288kk,Pxp7_gq9rkp,288kk_113_1,T
288kk,Pxp7_gydr78,288kk_118_1,T
288kk,Pxp7_m92jd2,288kk_116_1,T
288kk,Pxp7_mxnr8k,288kk_114_1,T
288kk,Pxp7_bp1rdr,288kk_112_1,T
7226,Pxp7_single-trace,7226_680_1,F
2w94o,Q1dl_bl5l8k,2w94o_253_1,T
2w94o,Q1dl_g3k5n1,2w94o_255_1,T
2w94o,Q1dl_gp2opq,2w94o_257_1,T
2w94o,Q1dl_gw6n71,2w94o_256_1,T
2w94o,Q1dl_m6knry,2w94o_254_1,T
2w94o,Q1dl_mqjo7r,2w94o_258_1,T
2w94o,Q1dl_bx3d65,2w94o_259_1,T
05k6,Q1dl_single-trace,05k6_481_1,F
2zk7,QYNq_single-trace,2zk7_686_1,T
17y4,R0ak_single-trace,17y4_692_1,T
zz51,R3eV_single-trace,zz51_689_1,T
615k,R3pV_single-trace,615k_584_1,T
2k5g2,RYKv_3w5kdk,2k5g2_9_1,T
2k5g2,RYKv_6xnk65,2k5g2_8_1,T
2k5g2,RYKv_p5o238,2k5g2_11_1,T
2k5g2,RYKv_g41jx8,2k5g2_6_1,T
2k5g2,RYKv_wzn69v,2k5g2_10_1,T
2k5g2,RYKv_y68q1l,2k5g2_7_1,T
5yg9,Rjp9_single-trace,5yg9_505_1,T
9k3g,RqVE_single-trace,9k3g_565_1,T
2yz86,Ryq7_single-trace,2yz86_443_1,F
95my,Ryq7_single-trace,95my_677_1,T
57g6,V0PA_single-trace,57g6_502_1,T
94yy,V3pK_single-trace,94yy_677_1,T
6m31g,VBx1_single-trace,6m31g_244_1,T
6z582,VDJV_bnoz9x,6z582_266_1,T
6z582,VDJV_bon6z7,6z582_265_1,T
6z582,VDJV_g45oy6,6z582_261_1,T
6z582,VDJV_m5yd7w,6z582_262_1,T
6z582,VDJV_m8o6zo,6z582_264_1,T
6z582,VDJV_my1z9y,6z582_263_1,T
6z582,VDJV_b295y6,6z582_267_1,T
g6yz,VDJV_single-trace,g6yz_531_1,F
2zmg,VRKK_single-trace,2zmg_681_1,T
0937,Vx4e_single-trace,0937_482_1,T
g7z1,W0GN_single-trace,g7z1_532_1,T
307k,W3vN_single-trace,307k_575_1,T
538,W3vr_single-trace,538_582_1,T
gy3z,WLkV_single-trace,gy3z_684_1,T
316k,Wre_single-trace,316k_492_1,T
90z7,Y3pK_single-trace,90z7_589_1,T
g8m,YOXl_single-trace,g8m_533_1,T
3g4k,YRvg_single-trace,3g4k_676_1,T
2y474,YabW_single-trace,2y474_246_1,T
m4m7,YeQg_single-trace,m4m7_539_1,T
2kgyw,YpZZ_m7k461,2kgyw_181_1,T
2kgyw,YpZZ_single-trace,2kgyw_180_1,F
1012,YpZZ_single-trace,1012_483_1,T
8m1,Z0ma_single-trace,8m1_517_1,T
g9z,Z3mK_single-trace,g9z_592_1,T
28m96,a2Yx_1yppy7,28m96_334_1,T
28m96,a2Yx_2zqqpk,28m96_352_1,T
28m96,a2Yx_3n7jn1,28m96_344_1,T
28m96,a2Yx_46jj6r,28m96_336_1,T
28m96,a2Yx_46jjxr,28m96_349_1,T
28m96,a2Yx_531136,28m96_337_1,T
28m96,a2Yx_5311j6,28m96_350_1,T
28m96,a2Yx_6rd4ry,28m96_343_1,T
28m96,a2Yx_6w9919,28m96_363_1,T
28m96,a2Yx_7o25od,28m96_340_1,T
28m96,a2Yx_7p4499,28m96_360_1,T
28m96,a2Yx_8q554l,28m96_353_1,T
28m96,a2Yx_9xyy5o,28m96_348_1,T
28m96,a2Yx_9xyyxo,28m96_335_1,T
28m96,a2Yx_dojj32,28m96_356_1,T
28m96,a2Yx_jz7712,28m96_333_1,T
28m96,a2Yx_kl889p,28m96_359_1,T
28m96,a2Yx_kz4wzr,28m96_339_1,T
28m96,a2Yx_l6zz4r,28m96_362_1,T
28m96,a2Yx_l8kp8k,28m96_342_1,T
28m96,a2Yx_nw667p,28m96_355_1,T
28m96,a2Yx_op33lv,28m96_354_1,T
28m96,a2Yx_ppk1pq,28m96_346_1,T
28m96,a2Yx_pq7763,28m96_330_1,T
28m96,a2Yx_q7y97r,28m96_347_1,T
28m96,a2Yx_qxpp39,28m96_331_1,T
28m96,a2Yx_r7qqwy,28m96_357_1,T
28m96,a2Yx_3lxxq3,28m96_328_1,T
96ky,a2Yx_single-trace,96ky_523_1,T
28m96,a2Yx_v599jx,28m96_358_1,T
28m96,a2Yx_w72o71,28m96_345_1,T
28m96,a2Yx_wy441x,28m96_329_1,T
28m96,a2Yx_xz559w,28m96_332_1,T
28m96,a2Yx_ylyy4q,28m96_351_1,T
28m96,a2Yx_ylyylq,28m96_338_1,T
28m96,a2Yx_z72257,28m96_361_1,T
28m96,a2Yx_zxorx3,28m96_341_1,T
235w2,amYY_bzp733,235w2_283_1,T
235w2,amYY_glo6xk,235w2_284_1,T
235w2,amYY_m3zlw1,235w2_286_1,T
235w2,amYY_m7vpjd,235w2_282_1,T
235w2,amYY_mk1lqr,235w2_281_1,T
235w2,amYY_b65wxy,235w2_285_1,T
m9k3,amYY_single-trace,m9k3_541_1,F
5g09,b344_single-trace,5g09_583_1,T
7mgg,b3RA_single-trace,7mgg_586_1,T
24733,bLe8_single-trace,24733_461_1,T
g0m,dPzV_single-trace,g0m_591_1,T
2kgw8,e2pq_single-trace,2kgw8_463_1,T
67746,e5rW_6rr1l5,67746_364_1,T
67746,e5rW_ppp6n8,67746_366_1,T
1962,e5rW_single-trace,1962_487_1,T
67746,e5rW_w7713v,67746_365_1,T
2w9oz,eg1q_gpp38z,2w9oz_219_1,T
2w9oz,eg1q_single-trace,2w9oz_218_1,T
80yg,eg1q_single-trace,80yg_515_1,F
38y3,exBp_single-trace,38y3_556_1,T
6owm3,g0XQ_single-trace,6owm3_41_1,T
67m8,gA3A_single-trace,67m8_587_1,T
6m2k,gA8z_single-trace,6m2k_585_1,T
3z03,gdlO_single-trace,3z03_497_1,T
21y7,j51N_single-trace,21y7_574_1,T
2w1k2,jDWN_bz2289,2w1k2_464_1,T
2w1k2,jDWN_glzzv7,2w1k2_465_1,T
2w1k2,jDWN_m7447x,2w1k2_466_1,T
6727,jaK4_single-trace,6727_509_1,T
2kgg8,k7wj_single-trace,2kgg8_247_1,T
kzyz,kXp8_single-trace,kzyz_563_1,T
zz11,ky28_single-trace,zz11_552_1,T
y791,lxXV_single-trace,y791_478_1,T
5916,mrZ_single-trace,5916_503_1,T
mym7,p2qE_single-trace,mym7_594_1,T
231w2,pqzK_b27wv7,231w2_417_1,T
231w2,pqzK_bn52ky,231w2_419_1,T
231w2,pqzK_brdonz,231w2_420_1,T
231w2,pqzK_g47n4q,231w2_414_1,T
231w2,pqzK_m55nxv,231w2_415_1,T
231w2,pqzK_m81pl8,231w2_418_1,T
231w2,pqzK_myv8jj,231w2_416_1,T
231w2,pqzK_9ko9j1,231w2_421_1,T
675z9,q4X2_single-trace,675z9_309_1,T
23g12,q8xv_22jnnj,23g12_2_1,T
23g12,q8xv_524ll2,23g12_1_1,T
23g12,q8xv_827ww4,23g12_3_1,T
23g12,q8xv_d4r99j,23g12_4_1,T
23g12,q8xv_ryzpp8,23g12_5_1,T
23g12,q8xv_l88v4q,23g12_0_1,F
g4ym,q8xv_single-trace,g4ym_530_1,T
mkk9,q8xv_single-trace,mkk9_542_1,F
1974,qKdb_single-trace,1974_571_1,T
28z92,qQ9Z_single-trace,28z92_195_1,T
yy60,qXX2_single-trace,yy60_567_1,T
k1yz,qXX2_single-trace,k1yz_690_1,F
21gg2,qg47_single-trace,21gg2_220_1,T
247ww,qg47_single-trace,247ww_310_1,F
215g2,qgWj_1r285j,215g2_448_1,T
215g2,qgWj_9olz6z,215g2_449_1,T
215g2,qgWj_j6qlvv,215g2_447_1,T
215g2,qgWj_pplx84,215g2_444_1,T
215g2,qgWj_q76z8j,215g2_445_1,T
215g2,qgWj_x61xpy,215g2_446_1,T
2g7gy,qggQ_single-trace,2g7gy_303_1,T
6ow93,rWbG_single-trace,6ow93_176_1,T
67116,rjb_bz1ddg,67116_436_1,T
67116,rjb_gl9nvg,67116_437_1,T
67116,rjb_mkr71g,67116_434_1,F
67116,rjb_m71nkm,67116_435_1,T
y730,rjb_single-trace,y730_548_1,F
949y,rym8_single-trace,949y_520_1,T
2go82,vaWE_bzyxpq,2go82_412_1,T
2go82,vaWE_gl78od,2go82_413_1,T
2go82,vaWE_m73ov5,2go82_411_1,F
1m02,vaWE_single-trace,1m02_555_1,T
65wm6,wRvv_bz6lqp,65wm6_439_1,T
65wm6,wRvv_gld3y5,65wm6_440_1,T
65wm6,wRvv_gxvxw2,65wm6_442_1,T
65wm6,wRvv_m328ro,65wm6_441_1,T
65wm6,wRvv_m7zd6r,65wm6_438_1,T
312k,wRvv_single-trace,312k_491_1,F
36mz,wx5k_single-trace,36mz_577_1,T
7mmg,wxQZ_single-trace,7mmg_588_1,T
67442,xYbO_4knqr8,67442_296_1,T
67442,xYbO_blw99o,67442_295_1,T
67442,xYbO_gjrjjk,67442_297_1,T
67442,xYbO_m63jjk,67442_293_1,T
67442,xYbO_gwl88w,67442_294_1,T
k0z,xYbO_single-trace,k0z_535_1,F
y436,yAPR_single-trace,y436_547_1,T
2kgy8,yJwG_b574lj,2kgy8_252_1,T
2kgy8,yJwG_g12xod,2kgy8_249_1,T
2kgy8,yJwG_g9l3pl,2kgy8_250_1,T
2kgy8,yJwG_m4y9z9,2kgy8_251_1,T
2kgy8,yJwG_mjqwop,2kgy8_248_1,T
65396,yQeR_1rrdyx,65396_397_1,T
65396,yQeR_4kk266,65396_399_1,T
65396,yQeR_5oo23w,65396_400_1,T
65396,yQeR_9oovx5,65396_398_1,T
65396,yQeR_9vxx6n,65396_401_1,T
65396,yQeR_j66kzq,65396_396_1,T
g4k1,yQeR_single-trace,g4k1_529_1,F
21kg,yZD4_single-trace,21kg_573_1,T
6oww3,yjkQ_single-trace,6oww3_302_1,T
21952,yypJ_single-trace,21952_376_1,F
zmg9,yypJ_single-trace,zmg9_551_1,T
5z18,yzgG_single-trace,5z18_506_1,T
y410,z0v1_single-trace,y410_546_1,T
6m17,z4dO_single-trace,6m17_566_1,T
245w6,zK2_bdj1jb,245w6_382_1,T
245w6,zK2_bvn5rm,245w6_381_1,T
245w6,zK2_bz28qb,245w6_387_1,T
245w6,zK2_g7opxm,245w6_386_1,T
245w6,zK2_g8rq2b,245w6_378_1,T
245w6,zK2_gkzl8g,245w6_383_1,T
245w6,zK2_glzvdm,245w6_388_1,T
245w6,zK2_gx58ym,245w6_389_1,T
245w6,zK2_m7475m,245w6_385_1,T
245w6,zK2_m85l4m,245w6_380_1,T
245w6,zK2_mk8vnm,245w6_384_1,T
245w6,zK2_mokpzb,245w6_379_1,T
245w6,zK2_single-trace,245w6_377_1,T
5698,zK2_single-trace,5698_554_1,F
9yzy,zV1O_single-trace,9yzy_525_1,T
67539,zb3Y_bzyz9k,67539_270_1,T
67539,zb3Y_gl7j22,67539_271_1,T
67539,zb3Y_m3dy4j,67539_273_1,T
67539,zb3Y_m73y84,67539_269_1,T
67539,zb3Y_mknxyd,67539_268_1,T
67539,zb3Y_mw9jx3,67539_274_1,T
67539,zb3Y_b66y26,67539_272_1,T
50z6,zk94_single-trace,50z6_581_1,T
7515,zlBL_single-trace,7515_512_1,T
675wo,zlm2_single-trace,675wo_197_1,T
zg66,zlw_single-trace,zg66_550_1,T
2w9mo,zmYY_moyz3d,2w9mo_280_1,T
2w9mo,zmYY_g82z5k,2w9mo_279_1,T
g5m,zmYY_single-trace,g5m_561_1,F
2w7w2,zqwm_single-trace,2w7w2_40_1,T
927,7WjP_single-trace,927_683_1,F
6778,Blxd_single-trace,6778_679_1,T
5196,Kj9d_single-trace,5196_682_1,T
2z3g,b3G4_single-trace,2z3g_681_1,T
68,l22v_single-trace,68_680_1,T
0056,z0v1_single-trace,0056_678_1,F
m7k3,Peaa_single-trace,m7k3_684_1,T
ykg6,P39Z_single-trace,ykg6_685_1,T
2g5g,1574_single-trace,2g5g_686_1,T
9y8y,AgO1_single-trace,9y8y_687_1,T
2637,ZdgL_single-trace,2637_688_1,T
